threshold,accuracy,precision,recall,f1,false_negative_rate,true_positive,false_positive,true_negative,false_negative
0.1,0.67,0.4588815789473684,0.9964285714285714,0.6283783783783784,0.0035714285714285713,279,329,391,1
0.2,0.732,0.5117647058823529,0.9321428571428572,0.660759493670886,0.06785714285714285,261,249,471,19
0.3,0.782,0.5748792270531401,0.85,0.6858789625360231,0.15,238,176,544,42
0.4,0.81,0.6331360946745562,0.7642857142857142,0.6925566343042071,0.2357142857142857,214,124,596,66
0.5,0.817,0.685823754789272,0.6392857142857142,0.6617375231053605,0.3607142857142857,179,82,638,101
0.6,0.804,0.723404255319149,0.4857142857142857,0.5811965811965812,0.5142857142857142,136,52,668,144
0.7,0.798,0.7954545454545454,0.375,0.5097087378640777,0.625,105,27,693,175
0.8,0.782,0.8875,0.25357142857142856,0.39444444444444443,0.7464285714285714,71,9,711,209
0.9,0.744,0.9,0.09642857142857143,0.17419354838709677,0.9035714285714286,27,3,717,253
